Include,Relevance,Index,Title,Authors,source,Title_lowercase
Maybe,Effect of gear type on bycaught biomass,199,Reduction of juvenile red snapper bycatch in the US Gulf of Mexico shrimp trawl fishery,"Gallaway, Benny J.,Cole, John G.",gs1,reduction of juvenile red snapper bycatch in the us gulf of mexico shrimp trawl fishery
No,Duplicate,86,A Prospective of the Importance of Artificial Habitat on the Management of Red Snapper in the Gulf of Mexico,"Shipp, Robert L.; Bortone, Stephen A.",wb3,a prospective of the importance of artificial habitat on the management of red snapper in the gulf of mexico
No,Duplicate,170,An Analysis of Artificial Reef Fish Community Structure along the Northwestern Gulf of Mexico Shelf: Potential Impacts of <U+0093>Rigs-to-Reefs<U+0094> Programs.,"Ajemian, Matthew J.; Wetz, Jennifer J.; Shipley-Lozano, Brooke; Shively, J. Dale; Stunz, Gregory W.",eb3,an analysis of artificial reef fish community structure along the northwestern gulf of mexico shelf: potential impacts of <U+393C><U+3E33>rigs-to-reefs<U+393C><U+3E34> programs
No,Duplicate,159,Diet shifts of juvenile red snapper (Lutjanus campechanus) with changes in habitat and fish size.,"Szedlmayer, Stephen T.; Lee, Jason D.",eb2,diet shifts of juvenile red snapper (lutjanus campechanus) with changes in habitat and fish size
No,Duplicate,172,ESTIMATES OF RESIDENCE AND SITE FIDELITY FOR RED SNAPPER LUTJANUS CAMPECHANUS ON ARTIFICIAL REEFS IN THE NORTHEASTERN GULF OF MEXICO.,"Schroepfer, Rebecca L.; Szedlmayer, Stephen T.",eb3,estimates of residence and site fidelity for red snapper lutjanus campechanus on artificial reefs in the northeastern gulf of mexico
No,Duplicate,48,Experimental assessment of circle vs. J hook performance and selectivity in the northern Gulf of Mexico recreational reef fish fishery,"Garner, Steven B.; Patterson, William F., III; Porch, Clay E.",wb1,experimental assessment of circle vs. j hook performance and selectivity in the northern gulf of mexico recreational reef fish fishery
No,Duplicate,150,Groupers on the Edge: Shelf Edge Spawning Habitat in and Around Marine Reserves of the Northeastern Gulf of Mexico*.,"Coleman, Felicia C.; Scanlon, Kathryn M.; Koenig, Christopher C.",eb1,groupers on the edge: shelf edge spawning habitat in and around marine reserves of the northeastern gulf of mexico*
No,Duplicate,127,"Habitat differences in the feeding ecology of red snapper (Lutjanus campechanus, Poey 1860): a comparison between artificial and natural reefs in the northern Gulf of Mexico","Simonsen, Kirsten A.; Cowan, James H., Jr.; Boswell, Kevin M.",wb3,"habitat differences in the feeding ecology of red snapper (lutjanus campechanus, poey 1860): a comparison between artificial and natural reefs in the northern gulf of mexico"
No,Duplicate,151,Historical population demography of red snapper ( Lutjanus campechanus) from the northern Gulf of Mexico based on analysis of sequences of mitochondrial DNA.,"Pruett, Christin L.; Saillant, Eric; Gold, John R.",eb1,historical population demography of red snapper ( lutjanus campechanus) from the northern gulf of mexico based on analysis of sequences of mitochondrial dna
No,Duplicate,74,"MOVEMENT AND GROWTH OF RED SNAPPER, LUTJANUS-CAMPECHANUS, FROM AN ARTIFICIAL REEF AREA IN THE NORTHEASTERN GULF-OF-MEXICO","SZEDLMAYER, ST; SHIPP, RL",wb3,"movement and growth of red snapper, lutjanus-campechanus, from an artificial reef area in the northeastern gulf-of-mexico"
No,Duplicate,152,Red snapper (Lutjanus campechanus) demographic structure in the northern Gulf of Mexico band on spatial patterns in growth rates and morphometrics.,"Fischer, Andrew J.; Baker Jr., M. Scott; Wilson, Charles A.",eb1,red snapper (lutjanus campechanus) demographic structure in the northern gulf of mexico band on spatial patterns in growth rates and morphometrics
No,Duplicate,204,Red snapper management in the Gulf of Mexico: science-or faith-based?,"Cowan, J. H.,Grimes, C. B.,Patterson, W. F.,Walters, C. J.,Jones, A. C.,Lindberg, W. J.,Sheehy, D. J.,Pine, W. E.,Powers, J. E.,Campbell, M. D.,others",gs1,red snapper management in the gulf of mexico: science-or faith-based?
No,Duplicate,114,"REGIONAL VARIATION IN MERCURY AND STABLE ISOTOPES OF RED SNAPPER (LUTJANUS CAMPECHANUS) IN THE NORTHERN GULF OF MEXICO, USA","Sluis, Michelle Zapp; Boswell, Kevin M.; Chumchal, Matthew M.; Wells, R. J. David; Soulen, Brianne; Cowan, James H., Jr.",wb3,"regional variation in mercury and stable isotopes of red snapper (lutjanus campechanus) in the northern gulf of mexico, usa"
No,Duplicate,222,Site Fidelity and Dispersion of Red Snapper,"PATTERsoN, WILLIAM F.,CowAN, JAMEs H.",gs2,site fidelity and dispersion of red snapper
No,Duplicate,49,"Spatial Heterogeneity, Variable Rewards, Tag Loss, and Tagging Mortality Affect the Performance of Mark-Recapture Designs to Estimate Exploitation: an Example using Red Snapper in the Northern Gulf of Mexico","Sackett, Dana K.; Catalano, Matthew",wb1,"spatial heterogeneity, variable rewards, tag loss, and tagging mortality affect the performance of mark-recapture designs to estimate exploitation: an example using red snapper in the northern gulf of mexico"
No,Gear effects,12,"EFFECT OF CIRCLE HOOK SIZE ON REEF FISH CATCH RATES, SPECIES COMPOSITION, AND SELECTIVITY IN THE NORTHERN GULF OF MEXICO RECREATIONAL FISHERY","Patterson, William F., III; Porch, Clay E.; Tarnecki, Joseph H.; Strelcheck, Andrew J.",wb1,"effect of circle hook size on reef fish catch rates, species composition, and selectivity in the northern gulf of mexico recreational fishery"
No,Gear effects,44,Estimation of Hook Selectivity of Red Snapper and Vermilion Snapper from Fishery-Independent Surveys of Natural Reefs in the Northern Gulf of Mexico,"Campbell, Matthew D.; Pollack, Adam G.; Driggers, William B.; Hoffmayer, Eric R.",wb1,estimation of hook selectivity of red snapper and vermilion snapper from fishery-independent surveys of natural reefs in the northern gulf of mexico
No,Gear effects,123,Evaluating the Performance of Vertical Longlines to Survey Reef Fish Populations in the Northern Gulf of Mexico,"Gregalis, Kevan C.; Schlenker, Lela S.; Drymon, J. Marcus; Mareska, John F.; Powers, Sean P.",wb3,evaluating the performance of vertical longlines to survey reef fish populations in the northern gulf of mexico
No,Gear effects,43,Experimental Assessment of Circle Hook Performance and Selectivity in the Northern Gulf of Mexico Recreational Reef Fish Fishery,"Garner, Steven B.; Patterson, William F., III; Porch, Clay E.; Tarnecki, Joseph H.",wb1,experimental assessment of circle hook performance and selectivity in the northern gulf of mexico recreational reef fish fishery
No,Gear effects,90,Size selectivity of sampling gears targeting red snapper in the northern Gulf of Mexico,"Wells, R. J. David; Boswell, Kevin A.; Cowan, James H., Jr.; Patterson, William F., III",wb3,size selectivity of sampling gears targeting red snapper in the northern gulf of mexico
No,Narrative Review,76,A Life History Review for Red Snapper in the Gulf of Mexico with an Evaluation of the Importance of Offshore Petroleum Platforms and Other Artificial Reefs,"Gallaway, Benny J.; Szedlmayer, Stephen T.; Gazey, William J.",wb3,a life history review for red snapper in the gulf of mexico with an evaluation of the importance of offshore petroleum platforms and other artificial reefs
No,Narrative Review,168,A Perspective of the Importance of Artificial Habitat on the Management of Red Snapper in the Gulf of Mexico.,"Shipp, Robert L.; Bortone, Stephen A.",eb3,a perspective of the importance of artificial habitat on the management of red snapper in the gulf of mexico
No,Narrative Review,149,"Artificial Reef Types Affect Red Snapper Sizes, and Catch-and-Release Practices Inhibit Refuge-Seeking Behavior in Fish.","Harrison, Sarah",eb1,"artificial reef types affect red snapper sizes, and catch-and-release practices inhibit refuge-seeking behavior in fish"
No,Narrative Review,132,Artificial reefs as fishery conservation tools: Contrasting the roles of offshore structures between the Gulf of Mexico and the Southern California bight,"Scarborough-Bull, Ann; Love, Milton S.; Schroeder, Donna M.",wb3,artificial reefs as fishery conservation tools: contrasting the roles of offshore structures between the gulf of mexico and the southern california bight
No,"Narrative review, no effects sizes",63,An overview of age and growth of red snapper in the Gulf of Mexico,"Fischer, Andrew J.",wb2,an overview of age and growth of red snapper in the gulf of mexico
No,No biomass,158,Determining policy-efficient management strategies in fisheries using data envelopment analysis (DEA),"Griffin, Wade L.; Woodward, Richard T.",eb2,determining policy-efficient management strategies in fisheries using data envelopment analysis (dea)
No,No biomass,84,Estimates of residence and site fidelity for red snapper Lutjanus campechanhus on artificial reefs in the northeastern Gulf of Mexico,"Schroepfer, RL; Szedlmayer, ST",wb3,estimates of residence and site fidelity for red snapper lutjanus campechanhus on artificial reefs in the northeastern gulf of mexico
No,No biomass,67,Fish assemblage structure on a drowned barrier island in the northwestern Gulf of Mexico,"Wells, R. J. David; Harper, J. O.; Rooker, J. R.; Landry, A. M., Jr.; Dellapenna, T. M.",wb2,fish assemblage structure on a drowned barrier island in the northwestern gulf of mexico
No,No biomass,10,FISH COMMUNITY AND TROPHIC STRUCTURE AT ARTIFICIAL REEF SITES IN THE NORTHEASTERN GULF OF MEXICO,"Dance, Michael A.; Patterson, William F., III; Addis, Dustin T.",wb1,fish community and trophic structure at artificial reef sites in the northeastern gulf of mexico
No,No biomass,174,"Habitat differences in the feeding ecology of red snapper ( Lutjanus campechanus, Poey 1860): a comparison between artificial and natural reefs in the northern Gulf of Mexico.","Simonsen, Kirsten; Cowan, James; Boswell, Kevin",eb3,"habitat differences in the feeding ecology of red snapper ( lutjanus campechanus, poey 1860): a comparison between artificial and natural reefs in the northern gulf of mexico"
No,No biomass,7,Historical population demography of red snapper (Lutjanus campechanus) from the northern Gulf of Mexico based on analysis of sequences of mitochondrial DNA,"Pruett, C; Saillant, E; Gold, J",wb1,historical population demography of red snapper (lutjanus campechanus) from the northern gulf of mexico based on analysis of sequences of mitochondrial dna
No,No biomass,46,Historical population dynamics of red snapper (Lutjanus campechanus) in the northern Gulf of Mexico,"Gold, JR; Burridge, CP",wb1,historical population dynamics of red snapper (lutjanus campechanus) in the northern gulf of mexico
No,No biomass,85,Home range and movement patterns of red snapper (Lutjanus campechanus) on artificial reefs,"Topping, Darin T.; Szedlmayer, Stephen T.",wb3,home range and movement patterns of red snapper (lutjanus campechanus) on artificial reefs
No,No biomass,8,Population structure and variation in red snapper (Lutjanus campechanus) from the Gulf of Mexico and Atlantic coast of Florida as determined from mitochondrial DNA control region sequence,"Garber, AF; Tringali, MD; Stuck, KC",wb1,population structure and variation in red snapper (lutjanus campechanus) from the gulf of mexico and atlantic coast of florida as determined from mitochondrial dna control region sequence
No,No biomass,188,"Age and growth of red snapper, Lutjanus campechanus, from an artificial reef area off Alabama in the northern Gulf of Mexico","Patterson III, William F.,Cowan Jr, James H.,Wilson, Charles A.,Shipp, Robert L.",gs1,"age and growth of red snapper, lutjanus campechanus, from an artificial reef area off alabama in the northern gulf of mexico"
No,No biomass,2,"Age and growth of red snapper, Lutjanus campechanus, from the northern Gulf of Mexico off Louisiana","Wilson, CA; Nieland, DL",wb1,"age and growth of red snapper, lutjanus campechanus, from the northern gulf of mexico off louisiana"
No,No biomass,233,"Age, growth, and reproduction of red snapper in Florida waters","Futch, Rena Barco,Bruger, Gerard E.",gs3,"age, growth, and reproduction of red snapper in florida waters"
No,No biomass,113,Implications of reef fish movement from unreported artificial reef sites in the northern Gulf of Mexico,"Addis, Dustin T.; Patterson, William F., III; Dance, Michael A.; Ingram, G. Walter, Jr.",wb3,implications of reef fish movement from unreported artificial reef sites in the northern gulf of mexico
No,No biomass,116,"Imprudent fishing harvests and consequent trophic cascades on the West Florida shelf over the last half century: A harbinger of increased human deaths from paralytic shellfish poisoning along the southeastern United States, in response to oligotrophication?","Walsh, J. J.; Tomas, C. R.; Steidinger, K. A.; Lenes, J. M.; Chen, F. R.; Weisberg, R. H.; Zheng, L.; Landsberg, J. H.; Vargo, G. A.; Heil, C. A.",wb3,"imprudent fishing harvests and consequent trophic cascades on the west florida shelf over the last half century: a harbinger of increased human deaths from paralytic shellfish poisoning along the southeastern united states, in response to oligotrophication?"
No,No biomass,139,Introduction to the Role Artificial Reefs Play in Fisheries Management,"Bortone, Stephen A.",wb3,introduction to the role artificial reefs play in fisheries management
No,No biomass,82,Long-term residence of red snapper on artificial reefs in the northeastern Gulf of Mexico,"Szedlmayer, ST; Schroepfer, RL",wb3,long-term residence of red snapper on artificial reefs in the northeastern gulf of mexico
No,No biomass,224,"Movement pattems of Red Snapper (Lutjanus campechanus), Greater Amberjack (Seriola dumerih), and Gray Triggerfish (Balistes capriscus) in the Gulf of Mexico and the utility of Marine Reserves as management tools","Ingram Jr, G. W.,Patterson III, W. F.",gs2,"movement pattems of red snapper (lutjanus campechanus), greater amberjack (seriola dumerih), and gray triggerfish (balistes capriscus) in the gulf of mexico and the utility of marine reserves as management tools"
No,No biomass,198,Population structure and variance effective size of red snapper (Lutjanus campechanus) in the northern Gulf of Mexico,"Saillant, Eric,Gold, John R.",gs1,population structure and variance effective size of red snapper (lutjanus campechanus) in the northern gulf of mexico
No,No biomass,135,Seasonal and sex differences in energy reserves of red snapper Lutjanus campechanus on natural and artificial reefs in the northwestern Gulf of Mexico,"Schwartzkopf, Brittany D.; Cowan, James H., Jr.",wb3,seasonal and sex differences in energy reserves of red snapper lutjanus campechanus on natural and artificial reefs in the northwestern gulf of mexico
No,No biomass,55,Site fidelity and dispersion of red snapper associated with artificial reefs in the northern Gulf of Mexico,"Patterson, WF; Cowan, JH",wb2,site fidelity and dispersion of red snapper associated with artificial reefs in the northern gulf of mexico
No,No biomass,69,Temporal and spatial comparisons of the reproductive biology of northern Gulf of Mexico (USA) red snapper (Lutjanus campechanus) collected a decade apart,"Kulaw, Dannielle H.; Cowan, James H., Jr.; Jackson, Melissa W.",wb2,temporal and spatial comparisons of the reproductive biology of northern gulf of mexico (usa) red snapper (lutjanus campechanus) collected a decade apart
No,No biomass,211,"A review of Gulf of Mexico marine protected areas: successes, failures, and lessons learned","Coleman, Felicia C.,Baker, Pamela B.,Koenig, Christopher C.",gs2,"a review of gulf of mexico marine protected areas: successes, failures, and lessons learned"
No,No biomass,61,EFFECTS OF AN INSHORE ARTIFICIAL REEF ON THE TROPHIC DYNAMICS OF THREE SPECIES OF ESTUARINE FISH,"Simonsen, Kirsten A.; Cowan, James H., Jr.",wb2,effects of an inshore artificial reef on the trophic dynamics of three species of estuarine fish
No,No biomass,142,"Depth preferences and three-dimensional movements of red snapper, Lutjanus campechanus, on an artificial reef in the northern Gulf of Mexico","Williams-Grove, Laura Jay; Szedlmayer, Stephen T.",wb3,"depth preferences and three-dimensional movements of red snapper, lutjanus campechanus, on an artificial reef in the northern gulf of mexico"
No,No drivers,60,Designing marine reserves to reduce bycatch of mobile species: a case study using juvenile red snapper (Lutjanus campechanus),"Diamond, Sandra L.; Kleisner, Kristin M.; Duursma, Daisy Englert; Wang, Yuning",wb2,designing marine reserves to reduce bycatch of mobile species: a case study using juvenile red snapper (lutjanus campechanus)
No,No drivers,68,Spatial patterns in species assemblages associated with the northwestern Gulf of Mexico shrimp trawl fishery,"Monk, Melissa H.; Powers, Joseph E.; Brooks, Elizabeth N.",wb2,spatial patterns in species assemblages associated with the northwestern gulf of mexico shrimp trawl fishery
No,No effect size,14,"A time series of observations on red snapper larvae from SEAMAP surveys, 1982-2003: Seasonal occurrence, distribution, abundance, and size","Lyczkowski-Shultz, Joanne; Hanisko, David S.",wb1,"a time series of observations on red snapper larvae from seamap surveys, 1982-2003: seasonal occurrence, distribution, abundance, and size"
No,No effect size,184,"An evaluation of the benefits of artificial habitats for red snapper, Lutjanus campechanus, in the northeast Gulf of Mexico","Szedlmayer, Stephen T.",gs1,"an evaluation of the benefits of artificial habitats for red snapper, lutjanus campechanus, in the northeast gulf of mexico"
No,No effect size,185,Growth and mortality of red snappers in the west-central Atlantic Ocean and northern Gulf of Mexico,"Nelson, Russell S.,Manooch III, Charles S.",gs1,growth and mortality of red snappers in the west-central atlantic ocean and northern gulf of mexico
No,No effect size,83,Delineation of essential habitat for juvenile red snapper in the northwestern Gulf of Mexico,"Gallaway, BJ; Cole, JG; Meyer, R; Roscigno, P",wb3,delineation of essential habitat for juvenile red snapper in the northwestern gulf of mexico
No,No effect size,99,Movers and stayers: Individual variability in site fidelity and movements of red snapper off Texas,"Diamond, Sandra L.; Campbell, Matthew D.; Olson, Derek; Wang, Yuning; Zeplin, Jason; Qualia, Steven",wb3,movers and stayers: individual variability in site fidelity and movements of red snapper off texas
No,No effect size,163,Population structure of red snapper (Lutjanus campechanus) in U.S. waters of the western Atlantic Ocean and the northeastern Gulf of Mexico.,"Hollenbeck, Christopher M.; Portnoy, David S.; Saillant, Eric; Gold, John R.",eb2,population structure of red snapper (lutjanus campechanus) in us waters of the western atlantic ocean and the northeastern gulf of mexico
No,No effect size,148,"Red snapper (Lutjanus campechanus) associated with a small artificial structure in the Mississippi sound, a northern Gulf of Mexico estuary","Franks, JS; Hendon, JR; Garber, NM",wb3,"red snapper (lutjanus campechanus) associated with a small artificial structure in the mississippi sound, a northern gulf of mexico estuary"
No,No effect size,95,"Red Snapper in the Gulf of Mexico and US South Atlantic: Data, Doubt, and Debate","Cowan, James H., Jr.",wb3,"red snapper in the gulf of mexico and us south atlantic: data, doubt, and debate"
No,No effect size,203,Red snapper in US waters of the Gulf of Mexico,"Goodyear, C. Phillip",gs1,red snapper in us waters of the gulf of mexico
No,No effect size,22,Red snapper recruitment to and disappearance from oil and gas platforms in the northern Gulf of Mexico,"Nieland, DL; Wilson, CA",wb1,red snapper recruitment to and disappearance from oil and gas platforms in the northern gulf of mexico
No,No effect size,191,"Species Profiles: Life Histories and Environmental Requirements of Coastal Fishes and Invertebrates (Gulf of Mexico), Red Snapper","Moran, David",gs1,"species profiles: life histories and environmental requirements of coastal fishes and invertebrates (gulf of mexico), red snapper"
No,No effect size,66,The Artificial Habitat as an Accessory for Improving Estimates of Juvenile Reef Fish Abundance in Fishery Management,"Szedlmayer, Stephen T.",wb2,the artificial habitat as an accessory for improving estimates of juvenile reef fish abundance in fishery management
No,No effect size,147,"The role of oil and gas platforms in providing habitat for northern gulf of Mexico red snapper, Lutjanus campechanus","Welson, CA; Nieland, DL",wb3,"the role of oil and gas platforms in providing habitat for northern gulf of mexico red snapper, lutjanus campechanus"
No,No effect size,186,"Distribution, abundance, and age structure of red snapper (Lutjanus campechanus) caught on research longlines in US Gulf of Mexico","Mitchell, Karen M.,Henwood, Terry,Fitzhugh, Gary R.,Allman, Robert J.",gs1,"distribution, abundance, and age structure of red snapper (lutjanus campechanus) caught on research longlines in us gulf of mexico"
No,No effects size,195,Status of red snapper stocks of the Gulf of Mexico: report for 1990,"Goodyear, C. Phillip,Phares, Patricia L.",gs1,status of red snapper stocks of the gulf of mexico: report for 1990
No,No effects size (but might be estimatable from figure 4.),30,Modeling the spatial distribution of commercially important reef fishes on the West Florida Shelf,"Saul, S. E.; Walter, J. F., III; Die, D. J.; Naarc, D. F.; Donahue, B. T.",wb1,modeling the spatial distribution of commercially important reef fishes on the west florida shelf
No,No effects size (but one could probably be calculated),189,Life history and fishery of the Red Snapper (Lutjanus campechanus) in the northwestern Gulf of Mexico 1970-1974,"Bradley, E.,Bryan, C. E.",gs1,life history and fishery of the red snapper (lutjanus campechanus) in the northwestern gulf of mexico 1970-1974
No,Not accessible,178,STATE OF THE SNAPPER.,"MCNALLY, BOB",eb3,state of the snapper
No,Not accessible,187,"Biology of the Red Snapper, Lutjanus aya Bloch, of the Northwestern Gulf of Mexico.","Moseley, Frank Nathaniel",gs1,"biology of the red snapper, lutjanus aya bloch, of the northwestern gulf of mexico"
No,Popular media,171,"Artificial reef to benefit habitat, anglers","Sneath, Sara",eb3,"artificial reef to benefit habitat, anglers"
No,Popular media,175,IT'S A REEL WHOPPER.,"Swift, E. M.",eb3,it's a reel whopper
No,Simulation,216,A trophic box model of the coastal fish communities of the southwestern Gulf of Mexico,"Arregu√≠n-S√°nchez, F.,Valero-Pacheco, E.,Ch√°vez, E. A.",gs2,a trophic box model of the coastal fish communities of the southwestern gulf of mexico
No,Simulation,52,An ecosim model for exploring Gulf of Mexico ecosystem management options: Implications of including multistanza life-history models for policy predictions,"Walters, Carl; Martell, Steven J. D.; Christensen, Villy; Mahmoudi, Behzad",wb2,an ecosim model for exploring gulf of mexico ecosystem management options: implications of including multistanza life-history models for policy predictions
No,Simulation,42,An Individual-Based Model of Ontogenetic Migration in Reef Fish Using a Biased Random Walk,"Saul, Steven; Die, David; Brooks, Elizabeth N.; Burns, Karen",wb1,an individual-based model of ontogenetic migration in reef fish using a biased random walk
No,Simulation,108,Connections between Campeche Bank and Red Snapper Populations in the Gulf of Mexico via Modeled Larval Transport,"Johnson, Donald R.; Perry, Harriet M.; Lyczkowski-Shultz, Joanne",wb3,connections between campeche bank and red snapper populations in the gulf of mexico via modeled larval transport
No,Simulation,124,Estimation of potential impacts from offshore liquefied natural gas terminals on red snapper and red drum fisheries in the Gulf of Mexico: An alternative approach,"Gallaway, Benny J.; Gazey, William J.; Cole, John G.; Fechhelm, Robert G.",wb3,estimation of potential impacts from offshore liquefied natural gas terminals on red snapper and red drum fisheries in the gulf of mexico: an alternative approach
No,Simulation,65,Exploring effects of hypoxia on fish and fisheries in the northern Gulf of Mexico using a dynamic spatially explicit ecosystem model,"de Mutsert, Kim; Steenbeek, Jeroen; Lewis, Kristy; Buszowski, Joe; Cowan, James H., Jr.; Christensen, Villy",wb2,exploring effects of hypoxia on fish and fisheries in the northern gulf of mexico using a dynamic spatially explicit ecosystem model
No,Simulation,36,Fish attraction to artificial reefs not always harmful: a simulation study,"Smith, James A.; Lowry, Michael B.; Suthers, Iain M.",wb1,fish attraction to artificial reefs not always harmful: a simulation study
No,Simulation,70,Forecasting dynamics of red snapper (Lutjanus campechanus) in the US Gulf of Mexico,"Liu, Hui; Karnauskas, Mandy; Zhang, Xinsheng; Linton, Brian; Porch, Clay",wb2,forecasting dynamics of red snapper (lutjanus campechanus) in the us gulf of mexico
No,Simulation,161,Harvesting in a stage-structured population with applications to the red snapper in the Gulf of Mexico.,"Sturgill, Cassandra; Diamond, Sandra L.; Jang, Sophia R.-J.",eb2,harvesting in a stage-structured population with applications to the red snapper in the gulf of mexico
No,Simulation,56,Individual-based modeling of an artificial reef fish community: Effects of habitat quantity and degree of refuge,"Campbell, Matthew D.; Rose, Kenneth; Boswell, Kevin; Cowan, James",wb2,individual-based modeling of an artificial reef fish community: effects of habitat quantity and degree of refuge
No,Simulation,64,Living with the curse of dimensionality: Closed-loop optimization in a large-scale fisheries simulation model,"Woodward, RT; Wui, YS; Griffin, WL",wb2,living with the curse of dimensionality: closed-loop optimization in a large-scale fisheries simulation model
No,Simulation,162,Marine Reserves for Fisheries Management.,"Holland, Daniel S.; Brazee, Richard J.",eb2,marine reserves for fisheries management
No,Simulation,62,Modelling the effects of density-dependent mortality in juvenile red snapper caught as bycatch in Gulf of Mexico shrimp fisheries: Implications for management,"Forrest, Robyn E.; McAllister, Murdoch K.; Martell, Steven J. D.; Walters, Carl J.",wb2,modelling the effects of density-dependent mortality in juvenile red snapper caught as bycatch in gulf of mexico shrimp fisheries: implications for management
No,Simulation,112,Simulating the Trophic Impacts of Fishery Policy Options on the West Florida Shelf Using Ecopath with Ecosim,"Chagaris, David D.; Mahmoudi, Behzad; Walters, Carl J.; Allen, Micheal S.",wb3,simulating the trophic impacts of fishery policy options on the west florida shelf using ecopath with ecosim
No,Simulation,166,Size and Bag Limits in Recreational Fisheries: Theoretical and Empirical Analysis.,"Woodward, Richard T.; Griffin, Wade L.",eb2,size and bag limits in recreational fisheries: theoretical and empirical analysis
No,Simulation,228,The trophic role of lutjanid fish and impacts of their fisheries in two ecosystems in the Gulf of Mexico,"Arregu√≠n-S√°nchez, Francisco,Manickchand-Heileman, S.",gs2,the trophic role of lutjanid fish and impacts of their fisheries in two ecosystems in the gulf of mexico
No,Simulation,155,Using a Gulf of Mexico Atlantis model to evaluate ecological indicators for sensitivity to fishing mortality and robustness to observation error.,"Masi, M.D.; Ainsworth, C.H.; Jones, D.L.",eb1,using a gulf of mexico atlantis model to evaluate ecological indicators for sensitivity to fishing mortality and robustness to observation error
No,Wrong location,31,Assessing reproductive resilience: an example with South Atlantic red snapper Lutjanus campechanus,"Lowerre-Barbieri, Susan; Crabtree, Laura; Switzer, Theodore; Burnsed, Sarah Walters; Guenther, Cameron",wb1,assessing reproductive resilience: an example with south atlantic red snapper lutjanus campechanus
No,Wrong location,39,Mitochondrial diversity and genetic structure in allopatric populations of the Pacific red snapper Lutjanus peru,"Rocha-Olivares, A; Sandoval-Castillo, JR",wb1,mitochondrial diversity and genetic structure in allopatric populations of the pacific red snapper lutjanus peru
No,Wrong location,117,"Seasonality, lunar periodicity of settlement and microhabitat association of juvenile humpback red snapper Lutjanus gibbus (Lutjanidae) in an Okinawan coral reef","Nanami, Atsushi; Yamada, Hideaki",wb3,"seasonality, lunar periodicity of settlement and microhabitat association of juvenile humpback red snapper lutjanus gibbus (lutjanidae) in an okinawan coral reef"
No,Wrong location,29,Depth-Related Distribution of Postjuvenile Red Snapper in Southeastern US Atlantic Ocean Waters: Ontogenic Patterns and Implications for Management,"Mitchell, Warren A.; Kellison, G. Todd; Bacheler, Nathan M.; Potts, Jennifer C.; Schobernd, Christina M.; Hale, Loraine F.",wb1,depth-related distribution of postjuvenile red snapper in southeastern us atlantic ocean waters: ontogenic patterns and implications for management
No,Wrong species,73,"A preliminary investigation of the age and growth of gray snapper, Lutjanus griseus, in Louisiana waters","Fischer, AJ; Baker, MS; Wilson, CA",wb2,"a preliminary investigation of the age and growth of gray snapper, lutjanus griseus, in louisiana waters"
No,Wrong species,232,"Age, growth, and reproduction of gag, Mycteroperca microlepis (Pisces: Serranidae), in the eastern Gulf of Mexico","Hood, Peter B.,Schlieder, Rodric A.",gs3,"age, growth, and reproduction of gag, mycteroperca microlepis (pisces: serranidae), in the eastern gulf of mexico"
No,Wrong species,213,"Age, growth, mortality, and reproduction of red porgy, Pagrus pagrus, from the eastern Gulf of Mexico","Hood, Peter B.,Johnson, Andrea K.",gs2,"age, growth, mortality, and reproduction of red porgy, pagrus pagrus, from the eastern gulf of mexico"
No,Wrong species,215,"Climate-related, decadal-scale assemblage changes of seagrass-associated fishes in the northern Gulf of Mexico","Fodrie, F.,Heck, Kenneth L.,Powers, Sean P.,Graham, William M.,Robinson, Kelly L.",gs2,"climate-related, decadal-scale assemblage changes of seagrass-associated fishes in the northern gulf of mexico"
No,Wrong species,26,Conservation Genetics of Gray Snapper (Lutjanus griseus) in US Waters of the Northern Gulf of Mexico and Western Atlantic Ocean,"Gold, John R.; Saillant, Eric; Ebelt, N. Danielle; Lem, Siya",wb1,conservation genetics of gray snapper (lutjanus griseus) in us waters of the northern gulf of mexico and western atlantic ocean
No,Wrong species,131,Genetic analysis of Lutjanus synagris populations in the Colombian Caribbean,"Landinez-Garcia, R. M.; Ospina-Guerrero, S. P.; Rodriguez-Castro, D. J.; Arango, R.; Marquez, E.",wb3,genetic analysis of lutjanus synagris populations in the colombian caribbean
No,Wrong species,25,Groupers on the Edge: Shelf Edge Spawning Habitat in and Around Marine Reserves of the Northeastern Gulf of Mexico,"Coleman, Felicia C.; Scanlon, Kathryn M.; Koenig, Christopher C.",wb1,groupers on the edge: shelf edge spawning habitat in and around marine reserves of the northeastern gulf of mexico
No,Wrong species,34,"Habitat use, growth, and mortality of post-settlement lane snapper (Lutjanus synagris) on natural banks in the northwestern Gulf of Mexico","Mikulas, Joseph J., Jr.; Rooker, Jay R.",wb1,"habitat use, growth, and mortality of post-settlement lane snapper (lutjanus synagris) on natural banks in the northwestern gulf of mexico"
No,Wrong species,144,"Movement patterns of gray triggerfish, Balistes capriscus, around artificial reefs in the northern Gulf of Mexico","Herbig, J. L.; Szedlmayer, S. T.",wb3,"movement patterns of gray triggerfish, balistes capriscus, around artificial reefs in the northern gulf of mexico"
No,Wrong species,104,Recruitment of Age-0 Gray Triggerfish to Benthic Structured Habitat in the Northern Gulf of Mexico,"Simmons, Carrie M.; Szedlmayer, Stephen T.",wb3,recruitment of age-0 gray triggerfish to benthic structured habitat in the northern gulf of mexico
No,Wrong species,234,Red grouper reproduction in the southern Gulf of Mexico,"Brul√©, Thierry,D√©niel, Christian,Col√°s-Marrufo, Teresa,S√°nchez-Crespo, Manuel",gs3,red grouper reproduction in the southern gulf of mexico
No,Wrong species,32,"REGIONAL VARIATION IN THE POPULATION STRUCTURE OF GRAY SNAPPER, LUTJANUS GRISEUS, ALONG THE WEST FLORIDA SHELF","Allman, R. J.; Goetz, L. A.",wb1,"regional variation in the population structure of gray snapper, lutjanus griseus, along the west florida shelf"
No,Wrong species,145,Short-Term Discard Mortality Estimates for Gray Snapper in a West-Central Florida Estuary and Adjacent Nearshore Gulf of Mexico Waters,"Flaherty-Walia, Kerry E.; Winner, Brent L.; Tyler-Jedlund, Amanda J.; Davis, John P.",wb3,short-term discard mortality estimates for gray snapper in a west-central florida estuary and adjacent nearshore gulf of mexico waters
No,Wrong species,58,Small-scale spatial variation in the population structure of vermilion snapper (Rhomboplites aurorubens) from the northeast Gulf of Mexico,"Allman, Robert J.",wb2,small-scale spatial variation in the population structure of vermilion snapper (rhomboplites aurorubens) from the northeast gulf of mexico
No,Wrong species,50,Stone Crab Menippe spp. Populations on Louisiana's Nearshore Oil and Gas Platforms: Higher Density and Size at Maturity on a Sand Shoal,"Reeves, David B.; Munnelly, Ryan T.; Chesney, Edward J.; Baltz, Donald M.; Marx, Brian D.",wb1,stone crab menippe spp. populations on louisiana's nearshore oil and gas platforms: higher density and size at maturity on a sand shoal
No,Wrong species,53,"Temporal and spatial dynamics of spawning, settlement, and growth of gray snapper (Lutjanus griseus) from the West Florida shelf as determined from otolith microstructures","Allman, RJ; Grimes, CB",wb2,"temporal and spatial dynamics of spawning, settlement, and growth of gray snapper (lutjanus griseus) from the west florida shelf as determined from otolith microstructures"
No,Wrong species,190,The impact of United States recreational fisheries on marine fish populations,"Coleman, Felicia C.,Figueira, Will F.,Ueland, Jeffrey S.,Crowder, Larry B.",gs1,the impact of united states recreational fisheries on marine fish populations
No,Wrong species,221,Using otolith shape analysis to distinguish eastern Gulf of Mexico and Atlantic Ocean stocks of king mackerel,"DeVries, Douglas A.,Grimes, Churchill B.,Prager, Michael H.",gs2,using otolith shape analysis to distinguish eastern gulf of mexico and atlantic ocean stocks of king mackerel
No,Wrong topic,21,Temporal age Progressions and relative year-class strength of gulf of Mexico red snapper,"Allman, Robert J.; Fitzhugh, Gary R.",wb1,temporal age progressions and relative year-class strength of gulf of mexico red snapper
No,Wrong topic,196,"Movement of Red Snapper, Lutjcmus campechamls, in the North Central Gulf of Mexico: Potential Effects of Hurricanes","WATTERSON, J. CARTER,ROBERT III, L. Smm',jAMFs, H.,COWAN, JR",gs1,"movement of red snapper, lutjcmus campechamls, in the north central gulf of mexico: potential effects of hurricanes"
No,Wrong topic,3,Red snapper (Lutjanus campechanus) demographic structure in the northern Gulf of Mexico based on spatial patterns in growth rates and morphometrics,"Fischer, AJ; Baker, MS; Wilson, CA",wb1,red snapper (lutjanus campechanus) demographic structure in the northern gulf of mexico based on spatial patterns in growth rates and morphometrics
No,Wrong topic,220,Relationship of eastern Gulf of Mexico reef-fish communities to the species equilibrium theory of insular biogeography,"Smith, Gregory B.",gs2,relationship of eastern gulf of mexico reef-fish communities to the species equilibrium theory of insular biogeography
No,Wrong topic,217,A bioeconomic assessment of Gulf of Mexico red snapper management policies,"Gillig, Dhazn,Griffin, Wade L.,Ozuna Jr, Teofilo",gs2,a bioeconomic assessment of gulf of mexico red snapper management policies
No,Wrong topic,120,A cage release method to improve fish tagging studies,"Williams, Laura Jay; Herbig, Jennifer L.; Szedlmayer, Stephen T.",wb3,a cage release method to improve fish tagging studies
No,Wrong topic,208,A practical handbook for determining the age of Gulf of Mexico fishes,"VanderKooy, Steve,Guindon-Tisdel, Kathryn",gs2,a practical handbook for determining the age of gulf of mexico fishes
No,Wrong topic,27,A review of movement in gulf of Mexico red snapper: Implications for population structure,"Patterson, William F., III",wb1,a review of movement in gulf of mexico red snapper: implications for population structure
No,Wrong topic,169,A Study of Some Problems in Network Information Theory,"Kamath, Sudeep Uday",eb3,a study of some problems in network information theory
No,Wrong topic,129,Acoustic positioning and movement patterns of red snapper Lutjanus campechanus around artificial reefs in the northern Gulf of Mexico,"Williams-Grove, Laura Jay; Szedlmayer, Stephen T.",wb3,acoustic positioning and movement patterns of red snapper lutjanus campechanus around artificial reefs in the northern gulf of mexico
No,Wrong topic,16,"Age Composition, Growth, and Density-Dependent Mortality in Juvenile Red Snapper Estimated from Observer Data from the Gulf of Mexico Penaeid Shrimp Fishery","Gazey, William J.; Gallaway, Benny J.; Cole, John G.; Fournier, David A.",wb1,"age composition, growth, and density-dependent mortality in juvenile red snapper estimated from observer data from the gulf of mexico penaeid shrimp fishery"
No,Wrong topic,4,"An alternative method for estimating bycatch from the US shrimp trawl fishery in the Gulf of Mexico, 1972-1995","Ortiz, M; Legault, CM; Ehrhardt, NM",wb1,"an alternative method for estimating bycatch from the us shrimp trawl fishery in the gulf of mexico, 1972-1995"
No,Wrong topic,231,Animal diet in Texas seagrass meadows: Œ¥13C evidence for the importance of benthic plants,"Fry, Brian,Parker, Patrick L.",gs3,animal diet in texas seagrass meadows: Ó¥13c evidence for the importance of benthic plants
No,Wrong topic,206,Biofouling community dynamics in Louisiana shelf oil platforms in the Gulf of Mexico,"George, Robert Y.,Thomas, Philip J.",gs2,biofouling community dynamics in louisiana shelf oil platforms in the gulf of mexico
No,Wrong topic,100,Changes in Red Snapper Diet and Trophic Ecology Following the Deepwater Horizon Oil Spill,"Tarnecki, Joseph H.; Patterson, William F., III",wb3,changes in red snapper diet and trophic ecology following the deepwater horizon oil spill
No,Wrong topic,156,Comment: Accounting for Fishing Mortality When Comparing Density-Dependent with Density-Independent Mortality in Gulf of Mexico Red Snapper.,"Vincent, Matthew T.",eb2,comment: accounting for fishing mortality when comparing density-dependent with density-independent mortality in gulf of mexico red snapper
No,Wrong topic,72,Commodity price volatility under regulatory changes and disaster,"Marvasti, Akbar; Lamberte, Antonio",wb2,commodity price volatility under regulatory changes and disaster
No,Wrong topic,141,"Comparing relative abundance, lengths, and habitat of temperate reef fishes using simultaneous underwater visual census, video, and trap sampling","Bacheler, Nathan M.; Geraldi, Nathan R.; Burton, Michael L.; Munoz, Roldan C.; Kellison, G. Todd",wb3,"comparing relative abundance, lengths, and habitat of temperate reef fishes using simultaneous underwater visual census, video, and trap sampling"
No,Wrong topic,157,Comparison of Harvest Control Policies for Rebuilding Overfished Populations within a Fixed Rebuilding Time Frame.,"Babcock, Elizabeth A.; McAllister, Murdoch K.; Pikitch, Ellen K.",eb2,comparison of harvest control policies for rebuilding overfished populations within a fixed rebuilding time frame
No,Wrong topic,89,Comparison of trap and underwater video gears for indexing reef fish presence and abundance in the southeast United States,"Bacheler, Nathan M.; Schobernd, Christina M.; Schobernd, Zeb H.; Mitchell, Warren A.; Berrane, David J.; Kellison, G. Todd; Reichert, Marcel J. M.",wb3,comparison of trap and underwater video gears for indexing reef fish presence and abundance in the southeast united states
No,Wrong topic,128,Data Availability for Red Snapper in Gulf of Mexico and Southeastern US Atlantic Ocean Waters,"Rindone, R. Ryan; Kellison, G. Todd; Bortone, Stephen A.",wb3,data availability for red snapper in gulf of mexico and southeastern us atlantic ocean waters
No,Wrong topic,118,"Declining size at age among red snapper in the northern Gulf of Mexico off louisiana, USA: Recovery or collapse?","Nieland, David L.; Wilson, Charles A., III; Fischer, Andrew J.",wb3,"declining size at age among red snapper in the northern gulf of mexico off louisiana, usa: recovery or collapse?"
No,Wrong topic,209,Description of eggs and larvae of laboratory reared red snapper (Lutjanus campechanus),"Rabalais, Nancy N.,Rabalais, Steven C.,Arnold, C. R.",gs2,description of eggs and larvae of laboratory reared red snapper (lutjanus campechanus)
No,Wrong topic,212,"Description of larval and juvenile red snapper, Lutjanus campechanus","Collins, L. ALAN,Finucane, JOHN H.,Barger, LYMAN E.",gs2,"description of larval and juvenile red snapper, lutjanus campechanus"
No,Wrong topic,88,Diel feeding patterns of red snapper on artificial reefs in the north-central Gulf of Mexico,"Ouzts, AC; Szedlmayer, ST",wb3,diel feeding patterns of red snapper on artificial reefs in the north-central gulf of mexico
No,Wrong topic,179,Diel spawning periodicity of red snapper Lutjanus campechanus in the northern Gulf of Mexico,"Jackson, M. W.,Nieland, D. L.,Cowan, J. H.",gs1,diel spawning periodicity of red snapper lutjanus campechanus in the northern gulf of mexico
No,Wrong topic,79,Diet shifts of juvenile red snapper (Lutjanus compechanus) with changes in habitat and fish size,"Szedlmayer, ST; Lee, JD",wb3,diet shifts of juvenile red snapper (lutjanus compechanus) with changes in habitat and fish size
No,Wrong topic,182,DNA microsatellite loci and genetic structure of red snapper in the Gulf of Mexico,"Heist, Edward J.,Gold, John R.",gs1,dna microsatellite loci and genetic structure of red snapper in the gulf of mexico
No,Wrong topic,110,Effect of Trawling and Habitat on Mercury Concentration in Juvenile Red Snapper from the Northern Gulf of Mexico,"Wells, R. J. David; Chumchal, Matthew M.; Cowan, James H., Jr.",wb3,effect of trawling and habitat on mercury concentration in juvenile red snapper from the northern gulf of mexico
No,Wrong topic,160,Estimating Recreational Effort in the Gulf of Mexico Red Snapper Fishery Using Boat Ramp Cameras: Reduction in Federal Season Length Does Not Proportionally Reduce Catch.,"Powers, Sean P.; Anson, Kevin",eb2,estimating recreational effort in the gulf of mexico red snapper fishery using boat ramp cameras: reduction in federal season length does not proportionally reduce catch
No,Wrong topic,136,"Examining the Behavior, Management Preferences, and Sociodemographics of Artificial Reef Users in the Gulf of Mexico Offshore from Texas","Schuett, Michael A.; Ding, Chen; Kyle, Gerard; Shively, J. Dale",wb3,"examining the behavior, management preferences, and sociodemographics of artificial reef users in the gulf of mexico offshore from texas"
No,Wrong topic,98,Factors affecting catch and release (CAR) mortality in fish: Insight into CAR mortality in red snapper and the influence of catastrophic decompression,"Rummer, Jodie L.",wb3,factors affecting catch and release (car) mortality in fish: insight into car mortality in red snapper and the influence of catastrophic decompression
No,Wrong topic,59,Feeding biomechanics of juvenile red snapper (Lutjanus campechanus) from the northwestern Gulf of Mexico,"Case, Janelle E.; Westneat, Mark W.; Marshall, Christopher D.",wb2,feeding biomechanics of juvenile red snapper (lutjanus campechanus) from the northwestern gulf of mexico
No,Wrong topic,78,Feeding ecology of red snapper Lutjanus campechanus in the northern Gulf of Mexico,"Wells, R. J. David; Cowan, James H., Jr.; Fry, Brian",wb3,feeding ecology of red snapper lutjanus campechanus in the northern gulf of mexico
No,Wrong topic,207,"Feeding periodicity and prey habitat preference of red snapper, Lutjanus campechanus(Poey, 1860), on Alabama artificial reefs","McCawley, J. R.,Cowan Jr, J. H.,Shipp, R. L.",gs2,"feeding periodicity and prey habitat preference of red snapper, lutjanus campechanus(poey, 1860), on alabama artificial reefs"
No,Wrong topic,15,Fidelity of red snapper to petroleum platforms in the northern Gulf of Mexico,"Westmeyer, Megan P.; Wilson, Charles A., III; Nieland, David L.",wb1,fidelity of red snapper to petroleum platforms in the northern gulf of mexico
No,Wrong topic,218,Field experiments on survival rates of caged and released red snapper,"Gitschlag, Gregg R.,Renaud, Maurice L.",gs2,field experiments on survival rates of caged and released red snapper
No,Wrong topic,173,"Fisheries of the Caribbean, Gulf of Mexico, and South Atlantic; Comprehensive Annual Catch Limit Amendment for the South Atlantic.","Risenhoover, Alan D.",eb3,"fisheries of the caribbean, gulf of mexico, and south atlantic; comprehensive annual catch limit amendment for the south atlantic"
No,Wrong topic,45,Genetic impacts of shrimp trawling on red snapper (Lutjanus campechanus) in the northern Gulf of Mexico,"Saillant, E; Bradfield, SC; Gold, JR",wb1,genetic impacts of shrimp trawling on red snapper (lutjanus campechanus) in the northern gulf of mexico
No,Wrong topic,57,"Genetic population structure of red snappers (Lutjanus malabaricus Bloch & Schneider, 1801 and Lutjanus erythropterus Bloch, 1790) in central and eastern Indonesia and northern Australia","Salini, J. P.; Ovenden, J. R.; Street, R.; Pendrey, R.; Haryanti; Ngurah",wb2,"genetic population structure of red snappers (lutjanus malabaricus bloch & schneider, 1801 and lutjanus erythropterus bloch, 1790) in central and eastern indonesia and northern australia"
No,Wrong topic,35,Genetic variation and relatedness of juvenile red snapper sampled from shrimp trawls in the northern Gulf of Mexico,"Saillant, E; Mousseau, TA; Gold, JR",wb1,genetic variation and relatedness of juvenile red snapper sampled from shrimp trawls in the northern gulf of mexico
No,Wrong topic,105,Genetic variation and spatial autocorrelation among young-of-the-year red snapper (Lutjanus campechanus) in the northern Gulf of Mexico,"Saillant, Eric; Bradfield, S. Coleen; Gold, John R.",wb3,genetic variation and spatial autocorrelation among young-of-the-year red snapper (lutjanus campechanus) in the northern gulf of mexico
No,Wrong topic,181,"Habitat and fauna of deep-water Lophelia pertusa coral reefs off the southeastern US: Blake Plateau, Straits of Florida, and Gulf of Mexico","Reed, John K.,Weaver, Doug C.,Pomponi, Shirley A.",gs1,"habitat and fauna of deep-water lophelia pertusa coral reefs off the southeastern us: blake plateau, straits of florida, and gulf of mexico"
No,Wrong topic,180,Hook-and-line mortality of caught and released red snapper around oil and gas platform structural habitat,"Render, Jeffrey H.,Wilson, Charles A.",gs1,hook-and-line mortality of caught and released red snapper around oil and gas platform structural habitat
No,Wrong topic,210,Hypoxia in the Gulf of Mexico,"Rabalais, Nancy N.,Turner, R. Eugene,Wiseman, William J.",gs2,hypoxia in the gulf of mexico
No,Wrong topic,214,Long-lived reef fishes: the grouper-snapper complex,"Coleman, Felicia C.,Koenig, Christopher C.,Huntsman, G. R.,Musick, John A.,Eklund, A. M.,McGovern, J. C.,Sedberry, G. R.,Chapman, R. W.,Grimes, C. B.",gs2,long-lived reef fishes: the grouper-snapper complex
No,Wrong topic,183,Mercury bioaccumulation and trophic transfer in sympatric snapper species from the Gulf of Mexico,"Bank, Michael S.,Chesney, Edward,Shine, James P.,Maage, Amund,Senn, David B.",gs1,mercury bioaccumulation and trophic transfer in sympatric snapper species from the gulf of mexico
No,Wrong topic,5,Microsatellite variation among red snapper (Lutjanus campechanus) from the Gulf of Mexico,"Gold, JR; Pak, E; Richardson, LR",wb1,microsatellite variation among red snapper (lutjanus campechanus) from the gulf of mexico
No,Wrong topic,192,Mitochondrial DNA diversification and population structure in fishes from the Gulf of Mexico and western Atlantic,"Gold, J. R.,Richardson, L. R.",gs1,mitochondrial dna diversification and population structure in fishes from the gulf of mexico and western atlantic
No,Wrong topic,75,Movement of tagged red snapper in the northern Gulf of Mexico,"Patterson, WF; Watterson, JC; Shipp, RL; Cowan, JH",wb3,movement of tagged red snapper in the northern gulf of mexico
No,Wrong topic,17,"Multiplex assay to identify eggs of three fish species from the northern Gulf of Mexico, using locked nucleic acid Taqman real-time PCR probes","Bayha, Keith M.; Graham, William M.; Hernandez, Frank J., Jr.",wb1,"multiplex assay to identify eggs of three fish species from the northern gulf of mexico, using locked nucleic acid taqman real-time pcr probes"
No,Wrong topic,18,Occupancy Models for Monitoring Marine Fish: A Bayesian Hierarchical Approach to Model Imperfect Detection with a Novel Gear Combination,"Coggins, Lewis G., Jr.; Bacheler, Nathan M.; Gwinn, Daniel C.",wb1,occupancy models for monitoring marine fish: a bayesian hierarchical approach to model imperfect detection with a novel gear combination
No,Wrong topic,1,Physiological effects of swim bladder overexpansion and catastrophic decompression on red snapper,"Rummer, JL; Bennett, WA",wb1,physiological effects of swim bladder overexpansion and catastrophic decompression on red snapper
No,Wrong topic,202,Population structure of red snapper from the Gulf of Mexico as inferred from analysis of mitochondrial DNA,"Gold, J. R.,Sun, F.,Richardson, L. R.",gs1,population structure of red snapper from the gulf of mexico as inferred from analysis of mitochondrial dna
No,Wrong topic,20,Population structure of red snapper in the northern Gulf of Mexico,"Gold, John R.; Saillant, Eric",wb1,population structure of red snapper in the northern gulf of mexico
No,Wrong topic,193,"Preliminary results from a continuing study of spawning and fecundity of the Red Snapper (Lutjanidae: Lutjanus campechanus) from the Gulf of Mexico, 1998-1990","Collins, L. ALAN,Fitzhugh, GARY R.,Mourand, LAETITIA,Lombardi-Carlson, L.",gs1,"preliminary results from a continuing study of spawning and fecundity of the red snapper (lutjanidae: lutjanus campechanus) from the gulf of mexico, 1998-1990"
No,Wrong topic,164,"Prevalence of External Skin Lesions and Polycyclic Aromatic Hydrocarbon Concentrations in Gulf of Mexico Fishes, Post-Deepwater Horizon.","Murawski, Steven A.; Hogarth, William T.; Peebles, Ernst B.; Barbeiri, Luiz",eb2,"prevalence of external skin lesions and polycyclic aromatic hydrocarbon concentrations in gulf of mexico fishes, post-deepwater horizon"
No,Wrong topic,47,Progression of a Gulf of Mexico food web supporting Atlantis ecosystem model development,"Tarnecki, Joseph E.; Wallace, Amy A.; Simons, James D.; Ainsworth, Cameron H.",wb1,progression of a gulf of mexico food web supporting atlantis ecosystem model development
No,Wrong topic,40,Rapid assessment of fish communities on submerged oil and gas platform reefs using remotely operated vehicles,"Ajemian, Matthew J.; Wetz, Jennifer Jarrell; Shipley-Lozano, Brooke; Stunz, Gregory W.",wb1,rapid assessment of fish communities on submerged oil and gas platform reefs using remotely operated vehicles
No,Wrong topic,226,Reanalyses of Gulf of Mexico fisheries data: landings can be misleading in assessments of fisheries and fisheries ecosystems,"de Mutsert, Kim,Cowan, James H.,Essington, Timothy E.,Hilborn, Ray",gs2,reanalyses of gulf of mexico fisheries data: landings can be misleading in assessments of fisheries and fisheries ecosystems
No,Wrong topic,122,Recent Geological Events and Intrinsic Behavior Influence the Population Genetic Structure of the Chiru and Tibetan Gazelle on the Tibetan Plateau,"Zhang, Fangfang; Jiang, Zhigang; Xu, Aichun; Zeng, Yan; Li, Chunwang",wb3,recent geological events and intrinsic behavior influence the population genetic structure of the chiru and tibetan gazelle on the tibetan plateau
No,Wrong topic,134,Red snapper (Lutjanus campechanus) diet in the North-Central Gulf of Mexico on Alabama artificial reefs,"Mccawley, JR; Cowan, JH; Shipp, RL",wb3,red snapper (lutjanus campechanus) diet in the north-central gulf of mexico on alabama artificial reefs
No,Wrong topic,23,Red Snapper Larval Transport in the Northern Gulf of Mexico,"Johnson, Donald R.; Perry, Harriet M.; Lyczkowski-Shultz, Joanne; Hanisko, David",wb1,red snapper larval transport in the northern gulf of mexico
No,Wrong topic,176,Red snapper management in the Gulf of Mexico: science- or faith-based?,"Cowan Jr., J. H.; Grimes, C. B.; Patterson III, W. F.; Walters, C. J.; Jones, A. C.; Lindberg, W. J.; Sheehy, D. J.; Pine III, W. E.; Powers, J. E.; Campbell, M. D.; Lindeman, K. C.; Diamond, S. L.; Hilborn, R.; Gibson, H. T.; Rose, K. A.",eb3,red snapper management in the gulf of mexico: science- or faith-based?
No,Wrong topic,19,Red Snapper Reproductive Biology in the Southern Gulf of Mexico,"Brule, Thierry; Colas-Marrufo, Teresa; Perez-Diaz, Esperanza; Carlos Samano-Zapata, Juan",wb1,red snapper reproductive biology in the southern gulf of mexico
No,Wrong topic,177,"Regional variation in mercury and stable isotopes of red snapper ( Lutjanus campechanus) in the northern gulf of Mexico, USA.","Zapp Sluis, Michelle; Boswell, Kevin M.; Chumchal, Matthew M.; Wells, R.J. David; Soulen, Brianne; Cowan, James H.",eb3,"regional variation in mercury and stable isotopes of red snapper ( lutjanus campechanus) in the northern gulf of mexico, usa"
No,Wrong topic,119,Release mortality in the red snapper (Lutjanus campechanus) fishery: a meta-analysis of 3 decades of research,"Campbell, Matthew D.; Driggers, William B., III; Sauls, Beverly; Walter, John F.",wb3,release mortality in the red snapper (lutjanus campechanus) fishery: a meta-analysis of 3 decades of research
No,Wrong topic,225,Renewable resource economists and policy: what differences have we made?,"Wilen, James E.",gs2,renewable resource economists and policy: what differences have we made?
No,Wrong topic,165,"Restoring Fisheries, Scoring a Net Gain.","Walton, Rob; Krupp, Fred",eb2,"restoring fisheries, scoring a net gain"
No,Wrong topic,54,Seasonal and size specific diet and prey demand of red snapper on Alabama artificial reefs,"McCawley, Jessica R.; Cowan, James H., Jr.",wb2,seasonal and size specific diet and prey demand of red snapper on alabama artificial reefs
No,Wrong topic,223,Shallow population histories in deep evolutionary lineages of marine fishes: insights from sardines and anchovies and lessons for conservation,"Grant, W. A. S.,Bowen, B. W.",gs2,shallow population histories in deep evolutionary lineages of marine fishes: insights from sardines and anchovies and lessons for conservation
No,Wrong topic,96,"Site fidelity, movement, and growth of red snapper: Implications for artificial reef management","Strelcheck, Andrew J.; Cowan, James H., Jr.; Patterson, William F., III",wb3,"site fidelity, movement, and growth of red snapper: implications for artificial reef management"
No,Wrong topic,87,"Site fidelity, residence time and movements of red snapper Lutjanus campechanus estimated with long-term acoustic monitoring","Topping, Darin T.; Szedlmayer, Stephen T.",wb3,"site fidelity, residence time and movements of red snapper lutjanus campechanus estimated with long-term acoustic monitoring"
No,Wrong topic,200,Size and age at maturity of female red snapper Lutjanus campechanus in the northern Gulf of Mexico,"Woods, MELISSA K.,Fischer, ANDREW J.,Cowan Jr, J. H.,Nieland, D. L.",gs1,size and age at maturity of female red snapper lutjanus campechanus in the northern gulf of mexico
No,Wrong topic,153,Southerland's 'catch share' amendment OKed,"Mcdonald, Zack",eb1,southerland's 'catch share' amendment oked
No,Wrong topic,154,"Spatial Heterogeneity, Variable Rewards, Tag Loss, and Tagging Mortality Affect the Performance of Mark<U+0096>Recapture Designs to Estimate Exploitation: an Example using Red Snapper in the Northern Gulf of Mexico.","Sackett, Dana K.; Catalano, Matthew",eb1,"spatial heterogeneity, variable rewards, tag loss, and tagging mortality affect the performance of mark<U+393C><U+3E36>recapture designs to estimate exploitation: an example using red snapper in the northern gulf of mexico"
No,Wrong topic,201,Spawning and annual fecundity of the red snapper (Lutjanus campechanus) from the northeastern Gulf of Mexico,"Collins, L. A.,Johnson, Ai G.,Keim, C. P.",gs1,spawning and annual fecundity of the red snapper (lutjanus campechanus) from the northeastern gulf of mexico
No,Wrong topic,219,"Stable isotope (N, C, Hg) study of methylmercury sources and trophic transfer in the northern Gulf of Mexico","Senn, David B.,Chesney, Edward J.,Blum, Joel D.,Bank, Michael S.,Maage, Amund,Shine, James P.",gs2,"stable isotope (n, c, hg) study of methylmercury sources and trophic transfer in the northern gulf of mexico"
No,Wrong topic,167,"Sublethal effects of catch-and-release fishing: measuring capture stress, fish impairment, and predation risk using a condition index.","Campbell, Matthew D.; Patino, Reynaldo; Tolan, James; Strauss, Richard; Diamond, Sandra L.",eb2,"sublethal effects of catch-and-release fishing: measuring capture stress, fish impairment, and predation risk using a condition index"
No,Wrong topic,133,Survey of fish assemblages and habitat within two marine protected areas on the West Florida shelf,"Gledhill, C; David, A",wb3,survey of fish assemblages and habitat within two marine protected areas on the west florida shelf
No,Wrong topic,109,Survival and movement of hatchery-reared red snapper on artificial habitats in the northern Gulf of Mexico,"Chapin, A. M.; Szedlmayer, S. T.; Phelps, R. P.",wb3,survival and movement of hatchery-reared red snapper on artificial habitats in the northern gulf of mexico
No,Wrong topic,230,Temporal and spatial variability in juvenile red snapper otolith elemental signatures in the northern Gulf of Mexico,"Patterson III, William F.,Cowan Jr, James H.,Wilson, Charles A.,Chen, Zhongxing",gs2,temporal and spatial variability in juvenile red snapper otolith elemental signatures in the northern gulf of mexico
No,Wrong topic,37,The Gulf of Mexico Red Snapper IFQ Program: The First Five Years,"Agar, Juan J.; Stephen, Jessica A.; Strelcheck, Andy; Diagne, Assane",wb1,the gulf of mexico red snapper ifq program: the first five years
No,Wrong topic,229,The value of the Gulf of Mexico recreational red snapper fishery,"Gillig, Dhazn,Ozuna Jr, Teofilo,Griffin, Wade L.",gs2,the value of the gulf of mexico recreational red snapper fishery
No,Wrong topic,140,The webbing reef: A tool used in the study of juvenile red snapper (Lutjanus campechanus),"Workman, IK; Foster, DG",wb3,the webbing reef: a tool used in the study of juvenile red snapper (lutjanus campechanus)
No,Wrong topic,143,Timing and locations of reef fish spawning off the southeastern United States,"Farmer, Nicholas A.; Heyman, William D.; Karnauskas, Mandy; Kobara, Shinichi; Smart, Tracey I.; Ballenger, Joseph C.; Reichert, Marcel J. M.; Wyanski, David M.; Tishler, Michelle S.; Lindeman, Kenyon C.; Lowerre-Barbieri, Susan K.; Switzer, Theodore S.; Solomon, Justin J.; McCain, Kyle; Marhefka, Mark; Sedberry, George R.",wb3,timing and locations of reef fish spawning off the southeastern united states
No,Wrong topic,138,Two Shelf-Edge Marine Protected Areas in the Eastern Gulf of Mexico,"Allee, Rebecca J.; David, Andrew W.; Naar, David F.",wb3,two shelf-edge marine protected areas in the eastern gulf of mexico
No,Wrong topic,80,"Ultrasonic telemetry of red snapper, Lutjanus campechanus, at artificial reef sites in the northeast Gulf of Mexico","Szedlmayer, ST",wb3,"ultrasonic telemetry of red snapper, lutjanus campechanus, at artificial reef sites in the northeast gulf of mexico"
No,Wrong topic,197,Use of bomb radiocarbon to validate otolith section ages of red snapper Lutjanus campechanus from the northern Gulf of Mexico,"Baker Jr, Scott,Wilson, Charles A.,others",gs1,use of bomb radiocarbon to validate otolith section ages of red snapper lutjanus campechanus from the northern gulf of mexico
No,Wrong topic,92,Use of coded-wire and visible implant elastomer tags for marine stock enhancement with juvenile red snapper Lutjanus campechanus,"Brennan, Nathan P.; Leber, Kenneth M.; Blackburn, Brett R.",wb3,use of coded-wire and visible implant elastomer tags for marine stock enhancement with juvenile red snapper lutjanus campechanus
No,Wrong topic,126,"Validation of annual periodicity in otoliths of red snapper, Lutjanus campechanus","Szedlmayer, Stephen T.; Beyer, Sabrina G.",wb3,"validation of annual periodicity in otoliths of red snapper, lutjanus campechanus"
No ,Wrong topic,227,Scaling of connectivity in marine populations,"Cowen, Robert K.,Paris, Claire B.,Srinivasan, Ashwanth",gs2,scaling of connectivity in marine populations
yes,,111,Patterns of habitat use by newly settled red snapper in the northwestern Gulf of Mexico,"Geary, Bert W.; Mikulas, Joseph J., Jr.; Rooker, Jay R.; Landry, Andre M., Jr.; Dellapenna, Timothy M.",wb3,patterns of habitat use by newly settled red snapper in the northwestern gulf of mexico
Yes,,115,A comparison of size and age of red snapper (Lutjanus campechanus) with the age of artificial reefs in the northern Gulf of Mexico,"Syc, Tara S.; Szedlmayer, Stephen T.",wb3,a comparison of size and age of red snapper (lutjanus campechanus) with the age of artificial reefs in the northern gulf of mexico
Yes,,71,"A Comparison of Size Structure, Age, and Growth of Red Snapper from Artificial and Natural Habitats in the Western Gulf of Mexico","Streich, Matthew K.; Ajemian, Matthew J.; Wetz, Jennifer J.; Williams, Jason A.; Shipley, J. Brooke; Stunz, Gregory W.",wb2,"a comparison of size structure, age, and growth of red snapper from artificial and natural habitats in the western gulf of mexico"
Yes,,106,An Analysis of Artificial Reef Fish Community Structure along the Northwestern Gulf of Mexico Shelf: Potential Impacts of Rigs-to-Reefs Programs,"Ajemian, Matthew J.; Wetz, Jennifer J.; Shipley-Lozano, Brooke; Shively, J. Dale; Stunz, Gregory W.",wb3,an analysis of artificial reef fish community structure along the northwestern gulf of mexico shelf: potential impacts of rigs-to-reefs programs
Yes,,6,Assessment of a shell bank and associated substrates as nursery habitat of postsettlement red snapper,"Rooker, JR; Landry, AM; Geary, BW; Harper, JA",wb1,assessment of a shell bank and associated substrates as nursery habitat of postsettlement red snapper
Yes,,93,Delineating juvenile red snapper habitat on the northern Gulf of Mexico continental shelf,"Patterson, WF; Wilson, CA; Bentley, SJ; Cowan, JH; Henwood, T; Allen, YC; Dufrene, TA",wb3,delineating juvenile red snapper habitat on the northern gulf of mexico continental shelf
Yes,,41,Depth and Artificial Reef Type Effects on Size and Distribution of Red Snapper in the Northern Gulf of Mexico,"Jaxion-Harm, J.; Szedlmayer, S. T.",wb1,depth and artificial reef type effects on size and distribution of red snapper in the northern gulf of mexico
No,no red snapper effect size,11,Effect of hypoxia on the distribution of fishes associated with a petroleum platform off coastal Louisiana,"Stanley, DR; Wilson, CA",wb1,effect of hypoxia on the distribution of fishes associated with a petroleum platform off coastal louisiana
Yes,,13,Effect of trawling on juvenile red snapper (Lutjanus campechanus) habitat selection and life history parameters,"Wells, R. J. David; Cowan, James H., Jr.; Patterson, William F., III; Walters, Carl J.",wb1,effect of trawling on juvenile red snapper (lutjanus campechanus) habitat selection and life history parameters
Yes,,94,Effects of habitat complexity and predator exclusion on the abundance of juvenile red snapper,"Piko, A. A.; Szedlmayer, S. T.",wb3,effects of habitat complexity and predator exclusion on the abundance of juvenile red snapper
Yes,,28,Estimates of shrimp trawl bycatch of red snapper (Lutjanus campechanus) in the Gulf of Mexico,"Gallaway, BJ; Longnecker, M; Cole, JG; Meyer, RM",wb1,estimates of shrimp trawl bycatch of red snapper (lutjanus campechanus) in the gulf of mexico
Yes,,101,Fine-Scale Movements and Home Ranges of Red Snapper around Artificial Reefs in the Northern Gulf of Mexico,"Piraino, Maria N.; Szedlmayer, Stephen T.",wb3,fine-scale movements and home ranges of red snapper around artificial reefs in the northern gulf of mexico
Yes,,91,Habitat preferences and site fidelity of juvenile red snapper (Lutjanus campechanus),"Workman, I; Shah, A; Foster, D; Hataway, B",wb3,habitat preferences and site fidelity of juvenile red snapper (lutjanus campechanus)
Yes,,33,Habitat use and the effect of shrimp trawling on fish and invertebrate communities over the northern Gulf of Mexico continental shelf,"Wells, R. J. David; Cowan, James H., Jr.; Patterson, William F., III",wb1,habitat use and the effect of shrimp trawling on fish and invertebrate communities over the northern gulf of mexico continental shelf
Yes,,125,"Habitat Use by Juvenile Red Snapper in the Northern Gulf of Mexico: Ontogeny, Seasonality, and the Effects of Hypoxia","Switzer, Theodore S.; Chesney, Edward J.; Baltz, Donald M.",wb3,"habitat use by juvenile red snapper in the northern gulf of mexico: ontogeny, seasonality, and the effects of hypoxia"
Yes,,121,"Influence of Age-1 Conspecifics, Sediment Type, Dissolved Oxygen, and the Deepwater Horizon Oil Spill on Recruitment of Age-0 Red Snapper in the Northeast Gulf of Mexico during 2010 and 2011","Szedlmayer, Stephen T.; Mudrak, Peter A.",wb3,"influence of age-1 conspecifics, sediment type, dissolved oxygen, and the deepwater horizon oil spill on recruitment of age-0 red snapper in the northeast gulf of mexico during 2010 and 2011"
Yes,,9,Influence of reef location on artificial-reef fish assemblages in the northcentral Gulf of Mexico,"Strelcheck, AJ; Cowan, JH; Shah, A",wb1,influence of reef location on artificial-reef fish assemblages in the northcentral gulf of mexico
Yes,,38,Influences of Artificial Reefs on Juvenile Red Snapper along the Mississippi Gulf Coast,"Brandt, Jason R.; Jackson, Donald C.",wb1,influences of artificial reefs on juvenile red snapper along the mississippi gulf coast
Yes,,205,"Movement and growth of red snapper, Lutjanus campechanus, from an artificial reef area in the northeastern Gulf of Mexico","Szedlmayer, Stephen T.,Shipp, Robert L.",gs1,"movement and growth of red snapper, lutjanus campechanus, from an artificial reef area in the northeastern gulf of mexico"
Yes,,77,"Nursery habitats, growth rates, and seasonality of age-0 red snapper, Lutjanus campechanus, in the northeast Gulf of Mexico","Szedlmayer, ST; Conti, J",wb3,"nursery habitats, growth rates, and seasonality of age-0 red snapper, lutjanus campechanus, in the northeast gulf of mexico"
Yes,,103,Proximity Effects of Larger Resident Fishes on Recruitment of Age-0 Red Snapper in the Northern Gulf of Mexico,"Mudrak, Peter A.; Szedlmayer, Stephen T.",wb3,proximity effects of larger resident fishes on recruitment of age-0 red snapper in the northern gulf of mexico
Yes,,146,Reducing bycatch in the United States Gulf of Mexico shrimp trawl fishery with an emphasis on red snapper bycatch reduction,"Parsons, Glenn R.; Foster, Daniel G.",wb3,reducing bycatch in the united states gulf of mexico shrimp trawl fishery with an emphasis on red snapper bycatch reduction
Yes,,107,Regional differences in the age and growth of red snapper (Lutjanus campechanus) in the US Gulf of Mexico,"Saari, Courtney R.; Cowan, James H., Jr.; Boswell, Kevin M.",wb3,regional differences in the age and growth of red snapper (lutjanus campechanus) in the us gulf of mexico
Yes,,194,Seasonal and spatial variation in the abundance and size distribution of fishes associated with a petroleum platform in the northern Gulf of Mexico,"Stanley, David R.,Wilson, Charles A.",gs1,seasonal and spatial variation in the abundance and size distribution of fishes associated with a petroleum platform in the northern gulf of mexico
Yes,,24,Seasonal and spatial variation in the biomass and size frequency distribution of fish associated with oil and gas platforms in the northern Gulf of Mexico,"Stanley, DR; Wilson, CA",wb1,seasonal and spatial variation in the biomass and size frequency distribution of fish associated with oil and gas platforms in the northern gulf of mexico
Yes,,130,Spatial and Dietary Overlap Creates Potential for Competition between Red Snapper (Lutjanus campechanus) and Vermilion snapper (Rhomboplites aurorubens),"Davis, William T.; Drymon, J. Marcus; Powers, Sean P.",wb3,spatial and dietary overlap creates potential for competition between red snapper (lutjanus campechanus) and vermilion snapper (rhomboplites aurorubens)
Yes,,97,The effects of epibenthic communities on reef fishes in the northern Gulf of Mexico,"Redman, R. A.; Szedlmayer, S. T.",wb3,the effects of epibenthic communities on reef fishes in the northern gulf of mexico
Yes,,81,The influence of habitat complexity on reef fish communities in the northeastern Gulf of Mexico,"Lingo, Mark E.; Szedlmayer, Stephen T.",wb3,the influence of habitat complexity on reef fish communities in the northeastern gulf of mexico
Yes,,51,The Potential for Unreported Artificial Reefs to Serve as Refuges from Fishing Mortality for Reef Fishes,"Addis, Dustin T.; Patterson, William F., III; Dance, Michael A.",wb1,the potential for unreported artificial reefs to serve as refuges from fishing mortality for reef fishes
Yes,,137,Using Fish Population Metrics to Compare the Effects of Artificial Reef Density,"Froehlich, Catheline Y. M.; Kline, Richard J.",wb3,using fish population metrics to compare the effects of artificial reef density
Yes,,102,"Video estimates of red snapper and associated fish assemblages on sand, shell, and natural reef habitats in the north-central Gulf of Mexico","Wells, R. J. David; Cowan, James H., Jr.",wb3,"video estimates of red snapper and associated fish assemblages on sand, shell, and natural reef habitats in the north-central gulf of mexico"
